Substance,Type,Label,n,A1,A2,B1,B2,X1,X2,rA,rB,rX,xX
Cs2AgF4,rp,1,1,Cs,Cs,Ag,Ag,F,F,1.78,0.94,1.33,0.344443
Sr2RuO4,rp,1,1,Sr,Sr,Ru,Ru,O,O,1.31,0.62,1.4,0.304575
SrSmCrO4,rp,1,1,Sr,Sm,Cr,Cr,O,O,1.221,0.615,1.4,0.304575
Cs2YbCl4,rp,1,1,Cs,Cs,Yb,Yb,Cl,Cl,1.78,1.02,1.81,0.263803
SrTbFeO4,rp,1,1,Sr,Tb,Fe,Fe,O,O,1.2025,0.645,1.4,0.304575
La2CuO4,rp,1,1,La,La,Cu,Cu,O,O,1.216,0.73,1.4,0.304575
Rb2ZnF4,rp,1,1,Rb,Rb,Zn,Zn,F,F,1.63,0.74,1.33,0.344443
Rb2NiF4,rp,1,1,Rb,Rb,Ni,Ni,F,F,1.63,0.69,1.33,0.344443
Rb2MnF4,rp,1,1,Rb,Rb,Mn,Mn,F,F,1.63,0.83,1.33,0.344443
Tl2UO4,rp,1,1,Tl,Tl,U,U,O,O,1.59,0.73,1.4,0.304575
Rb2NpO4,rp,1,1,Rb,Rb,Np,Np,O,O,1.63,0.72,1.4,0.304575
Rb2MnBr2Cl2,rp,1,1,Rb,Rb,Mn,Mn,Br,Cl,1.63,0.83,1.885,0.2525304
Sr2TiO4,rp,1,1,Sr,Sr,Ti,Ti,O,O,1.31,0.605,1.4,0.304575
Sr2SnO4,rp,1,1,Sr,Sr,Sn,Sn,O,O,1.31,0.69,1.4,0.304575
Sr2RhO4,rp,1,1,Sr,Sr,Rh,Rh,O,O,1.31,0.6,1.4,0.304575
Ba2IrO4,rp,1,1,Ba,Ba,Ir,Ir,O,O,1.47,0.625,1.4,0.304575
Ca2SiO4,rp,1,1,Ca,Ca,Si,Si,O,O,1.18,0.4,1.4,0.304575
Cs2CdCl4,rp,1,1,Cs,Cs,Cd,Cd,Cl,Cl,1.78,0.95,1.81,0.263803
Rb2CdCl4,rp,1,1,Rb,Rb,Cd,Cd,Cl,Cl,1.63,0.95,1.81,0.263803
Cs2CrCl4,rp,1,1,Cs,Cs,Cr,Cr,Cl,Cl,1.78,0.8,1.81,0.263803
SrTbVO4,rp,1,1,Sr,Tb,V,V,O,O,1.2025,0.64,1.4,0.304575
LaAgTiO4,rp,1,1,La,Ag,Ti,Ti,O,O,1.248,0.605,1.4,0.304575
CaDyAlO4,rp,1,1,Ca,Dy,Al,Al,O,O,1.1315,0.535,1.4,0.304575
SrPrVO4,rp,1,1,Sr,Pr,V,V,O,O,1.2445,0.64,1.4,0.304575
SrCeAlO4,rp,1,1,Sr,Ce,Al,Al,O,O,1.253,0.535,1.4,0.304575
EuGdAlO4,rp,1,1,Eu,Gd,Al,Al,O,O,1.2035,0.535,1.4,0.304575
EuLaAlO4,rp,1,1,Eu,La,Al,Al,O,O,1.258,0.535,1.4,0.304575
EuNdAlO4,rp,1,1,Eu,Nd,Al,Al,O,O,1.2315,0.535,1.4,0.304575
SrTbCrO4,rp,1,1,Sr,Tb,Cr,Cr,O,O,1.2025,0.615,1.4,0.304575
SrEuVO4,rp,1,1,Sr,Eu,V,V,O,O,1.3050000000000002,0.58,1.4,0.304575
Cs2TmCl4,rp,1,1,Cs,Cs,Tm,Tm,Cl,Cl,1.78,1.03,1.81,0.263803
K2ZnF4,rp,1,1,K,K,Zn,Zn,F,F,1.55,0.74,1.33,0.344443
K2NpO4,rp,1,1,K,K,Np,Np,O,O,1.55,0.72,1.4,0.304575
Pr2CuO4,rp,1,1,Pr,Pr,Cu,Cu,O,O,1.179,0.73,1.4,0.304575
K2PuO4,rp,1,1,K,K,Pu,Pu,O,O,1.55,0.71,1.4,0.304575
Nd2CuO4,rp,1,1,Nd,Nd,Cu,Cu,O,O,1.163,0.73,1.4,0.304575
CaHoAlO4,rp,1,1,Ca,Ho,Al,Al,O,O,1.126,0.535,1.4,0.304575
SrEuCrO4,rp,1,1,Sr,Eu,Cr,Cr,O,O,1.215,0.615,1.4,0.304575
SrSmAlO4,rp,1,1,Sr,Sm,Al,Al,O,O,1.221,0.535,1.4,0.304575
CaNdCoO4,rp,1,1,Ca,Nd,Co,Co,O,O,1.1715,0.61,1.4,0.304575
Tl2CuF4,rp,1,1,Tl,Tl,Cu,Cu,F,F,1.59,0.73,1.33,0.344443
Cs2UO4,rp,1,1,Cs,Cs,U,U,O,O,1.78,0.73,1.4,0.304575
K2UO4,rp,1,1,K,K,U,U,O,O,1.55,0.73,1.4,0.304575
Sr2MoO4,rp,1,1,Sr,Sr,Mo,Mo,O,O,1.31,0.65,1.4,0.304575
Nd2NiO4,rp,1,1,Nd,Nd,Ni,Ni,O,O,1.163,0.69,1.4,0.304575
Rb2PuO4,rp,1,1,Rb,Rb,Pu,Pu,O,O,1.63,0.71,1.4,0.304575
Rb2UO4,rp,1,1,Rb,Rb,U,U,O,O,1.63,0.73,1.4,0.304575
Cs2MnCl4,rp,1,1,Cs,Cs,Mn,Mn,Cl,Cl,1.78,0.83,1.81,0.263803
CaPrCoO4,rp,1,1,Ca,Pr,Co,Co,O,O,1.1795,0.61,1.4,0.304575
SrLaCoO4,rp,1,1,Sr,La,Co,Co,O,O,1.263,0.61,1.4,0.304575
CaSmCoO4,rp,1,1,Ca,Sm,Co,Co,O,O,1.156,0.61,1.4,0.304575
Sr2MnO4,rp,1,1,Sr,Sr,Mn,Mn,O,O,1.31,0.53,1.4,0.304575
SrPrAlO4,rp,1,1,Sr,Pr,Al,Al,O,O,1.2445,0.535,1.4,0.304575
La2NiO4,rp,1,1,La,La,Ni,Ni,O,O,1.216,0.69,1.4,0.304575
La2CoO4,rp,1,1,La,La,Co,Co,O,O,1.216,0.745,1.4,0.304575
Ba2ZrO4,rp,1,1,Ba,Ba,Zr,Zr,O,O,1.47,0.72,1.4,0.304575
Ca2MnO4,rp,1,1,Ca,Ca,Mn,Mn,O,O,1.18,0.53,1.4,0.304575
Cs2PuO4,rp,1,1,Cs,Cs,Pu,Pu,O,O,1.78,0.71,1.4,0.304575
Tl2NiF4,rp,1,1,Tl,Tl,Ni,Ni,F,F,1.59,0.69,1.33,0.344443
Sr2FeO4,rp,1,1,Sr,Sr,Fe,Fe,O,O,1.31,0.585,1.4,0.304575
GdLaCuO4,rp,1,1,Gd,La,Cu,Cu,O,O,1.1615,0.73,1.4,0.304575
DySmCuO4,rp,1,1,Dy,Sm,Cu,Cu,O,O,1.1075,0.73,1.4,0.304575
SrLaMnO4,rp,1,1,Sr,La,Mn,Mn,O,O,1.263,0.645,1.4,0.304575
SmTbCuO4,rp,1,1,Sm,Tb,Cu,Cu,O,O,1.1135000000000002,0.73,1.4,0.304575
CaYCrO4,rp,1,1,Ca,Y,Cr,Cr,O,O,1.1275,0.615,1.4,0.304575
CaCeMnO4,rp,1,1,Ca,Ce,Mn,Mn,O,O,1.075,0.83,1.4,0.304575
BaSrSnO4,rp,1,1,Ba,Sr,Sn,Sn,O,O,1.39,0.69,1.4,0.304575
CaPrAlO4,rp,1,1,Ca,Pr,Al,Al,O,O,1.1795,0.535,1.4,0.304575
CaYAlO4,rp,1,1,Ca,Y,Al,Al,O,O,1.1275,0.535,1.4,0.304575
DyEuCuO4,rp,1,1,Dy,Eu,Cu,Cu,O,O,1.1015,0.73,1.4,0.304575
DyNdCuO4,rp,1,1,Dy,Nd,Cu,Cu,O,O,1.123,0.73,1.4,0.304575
DyPrCuO4,rp,1,1,Dy,Pr,Cu,Cu,O,O,1.131,0.73,1.4,0.304575
EuLaCuO4,rp,1,1,Eu,La,Cu,Cu,O,O,1.168,0.73,1.4,0.304575
NaLuTiO4,rp,1,1,Na,Lu,Ti,Ti,O,O,1.136,0.605,1.4,0.304575
SrPrScO4,rp,1,1,Sr,Pr,Sc,Sc,O,O,1.2445,0.745,1.4,0.304575
SrPrNiO4,rp,1,1,Sr,Pr,Ni,Ni,O,O,1.2445,0.6,1.4,0.304575
SrNdVO4,rp,1,1,Sr,Nd,V,V,O,O,1.2365,0.64,1.4,0.304575
KRbMnF4,rp,1,1,K,Rb,Mn,Mn,F,F,1.59,0.83,1.33,0.344443
SrGdFeO4,rp,1,1,Sr,Gd,Fe,Fe,O,O,1.2085,0.645,1.4,0.304575
SrPrFeO4,rp,1,1,Sr,Pr,Fe,Fe,O,O,1.2445,0.645,1.4,0.304575
SrLaCrO4,rp,1,1,Sr,La,Cr,Cr,O,O,1.263,0.615,1.4,0.304575
CaGdAlO4,rp,1,1,Ca,Gd,Al,Al,O,O,1.1435,0.535,1.4,0.304575
CaEuAlO4,rp,1,1,Ca,Eu,Al,Al,O,O,1.15,0.535,1.4,0.304575
CaErAlO4,rp,1,1,Ca,Er,Al,Al,O,O,1.121,0.535,1.4,0.304575
KRbCuF4,rp,1,1,K,Rb,Cu,Cu,F,F,1.59,0.73,1.33,0.344443
SrGdAlO4,rp,1,1,Sr,Gd,Al,Al,O,O,1.2085,0.535,1.4,0.304575
CeEuAlO4,rp,1,1,Ce,Eu,Al,Al,O,O,1.248,0.535,1.4,0.304575
Sr2VO4,rp,1,1,Sr,Sr,V,V,O,O,1.31,0.58,1.4,0.304575
Gd2NiO4,rp,1,1,Gd,Gd,Ni,Ni,O,O,1.107,0.69,1.4,0.304575
SrLaAlO4,rp,1,1,Sr,La,Al,Al,O,O,1.263,0.535,1.4,0.304575
SrLaGaO4,rp,1,1,Sr,La,Ga,Ga,O,O,1.263,0.62,1.4,0.304575
SrNdGaO4,rp,1,1,Sr,Nd,Ga,Ga,O,O,1.2365,0.62,1.4,0.304575
NaDyTiO4,rp,1,1,Na,Dy,Ti,Ti,O,O,1.1615,0.605,1.4,0.304575
KLaTiO4,rp,1,1,K,La,Ti,Ti,O,O,1.383,0.605,1.4,0.304575
SrGdCoO4,rp,1,1,Sr,Gd,Co,Co,O,O,1.2085,0.61,1.4,0.304575
SrNdCoO4,rp,1,1,Sr,Nd,Co,Co,O,O,1.2365,0.61,1.4,0.304575
SrSmCoO4,rp,1,1,Sr,Sm,Co,Co,O,O,1.221,0.61,1.4,0.304575
SrDyCrO4,rp,1,1,Sr,Dy,Cr,Cr,O,O,1.1965,0.615,1.4,0.304575
SrCeVO4,rp,1,1,Sr,Ce,V,V,O,O,1.253,0.64,1.4,0.304575
BaLaScO4,rp,1,1,Ba,La,Sc,Sc,O,O,1.343,0.745,1.4,0.304575
BaLaMnO4,rp,1,1,Ba,La,Mn,Mn,O,O,1.343,0.645,1.4,0.304575
BaLaFeO4,rp,1,1,Ba,La,Fe,Fe,O,O,1.343,0.645,1.4,0.304575
CaLaAlO4,rp,1,1,Ca,La,Al,Al,O,O,1.198,0.535,1.4,0.304575
CaNdAlO4,rp,1,1,Ca,Nd,Al,Al,O,O,1.1715,0.535,1.4,0.304575
CaSmAlO4,rp,1,1,Ca,Sm,Al,Al,O,O,1.156,0.535,1.4,0.304575
BaSrPbO4,rp,1,1,Ba,Sr,Pb,Pb,O,O,1.39,0.775,1.4,0.304575
NaLaTiO4,rp,1,1,Na,La,Ti,Ti,O,O,1.228,0.605,1.4,0.304575
SrPrGaO4,rp,1,1,Sr,Pr,Ga,Ga,O,O,1.2445,0.62,1.4,0.304575
LaNdCuO4,rp,1,1,La,Nd,Cu,Cu,O,O,1.1895,0.73,1.4,0.304575
SrGdVO4,rp,1,1,Sr,Gd,V,V,O,O,1.2085,0.64,1.4,0.304575
NdTbCuO4,rp,1,1,Nd,Tb,Cu,Cu,O,O,1.129,0.73,1.4,0.304575
SrEuCoO4,rp,1,1,Sr,Eu,Co,Co,O,O,1.215,0.61,1.4,0.304575
PrTbCuO4,rp,1,1,Pr,Tb,Cu,Cu,O,O,1.137,0.73,1.4,0.304575
CaLaFeO4,rp,1,1,Ca,La,Fe,Fe,O,O,1.198,0.645,1.4,0.304575
CaLaCrO4,rp,1,1,Ca,La,Cr,Cr,O,O,1.198,0.615,1.4,0.304575
Sr2IrO4,rp,1,1,Sr,Sr,Ir,Ir,O,O,1.31,0.625,1.4,0.304575
SrNdAlO4,rp,1,1,Sr,Nd,Al,Al,O,O,1.2365,0.535,1.4,0.304575
SrPrCrO4,rp,1,1,Sr,Pr,Cr,Cr,O,O,1.2445,0.615,1.4,0.304575
Rb2MnBr4,rp,1,1,Rb,Rb,Mn,Mn,Br,Br,1.63,0.83,1.96,0.2412578
Rb2HgF4,rp,1,1,Rb,Rb,Hg,Hg,F,F,1.63,1.02,1.33,0.344443
K2MgF4,rp,1,1,K,K,Mg,Mg,F,F,1.55,0.72,1.33,0.344443
Rb2MgCl4,rp,1,1,Rb,Rb,Mg,Mg,Cl,Cl,1.63,0.72,1.81,0.263803
Cs2CuF4,rp,1,1,Cs,Cs,Cu,Cu,F,F,1.78,0.73,1.33,0.344443
Sr2CrO4,rp,1,1,Sr,Sr,Cr,Cr,O,O,1.31,0.55,1.4,0.304575
Sr2CoO4,rp,1,1,Sr,Sr,Co,Co,O,O,1.31,0.53,1.4,0.304575
Ba2ZrS4,rp,1,1,Ba,Ba,Zr,Zr,S,S,1.47,0.72,1.84,0.23596
Cs2CaBr4,rp,1,1,Cs,Cs,Ca,Ca,Br,Br,1.78,1.0,1.96,0.2412578
Ba2SnO4,rp,1,1,Ba,Ba,Sn,Sn,O,O,1.47,0.69,1.4,0.304575
Ba2HfS4,rp,1,1,Ba,Ba,Hf,Hf,S,S,1.47,0.71,1.84,0.23596
Cs2CaCl4,rp,1,1,Cs,Cs,Ca,Ca,Cl,Cl,1.78,1.0,1.81,0.263803
Cs2HgF4,rp,1,1,Cs,Cs,Hg,Hg,F,F,1.78,1.02,1.33,0.344443
Cs2MnF4,rp,1,1,Cs,Cs,Mn,Mn,F,F,1.78,0.83,1.33,0.344443
NaNdTiO4,rp,1,1,Na,Nd,Ti,Ti,O,O,1.2015,0.605,1.4,0.304575
Eu2ZrO4,rp,1,1,Eu,Eu,Zr,Zr,O,O,1.3,0.72,1.4,0.304575
Ca2GeO4,rp,1,1,Ca,Ca,Ge,Ge,O,O,1.18,0.53,1.4,0.304575
Ba2HfO4,rp,1,1,Ba,Ba,Hf,Hf,O,O,1.47,0.71,1.4,0.304575
Eu2VO4,rp,1,1,Eu,Eu,V,V,O,O,1.3,0.58,1.4,0.304575
Rb2FeF4,rp,1,1,Rb,Rb,Fe,Fe,F,F,1.63,0.78,1.33,0.344443
Cs2NpO4,rp,1,1,Cs,Cs,Np,Np,O,O,1.78,0.72,1.4,0.304575
SrLaVO4,rp,1,1,Sr,La,V,V,O,O,1.263,0.64,1.4,0.304575
Cs2CaF4,rp,1,1,Cs,Cs,Ca,Ca,F,F,1.78,1.0,1.33,0.344443
NaSmTiO4,rp,1,1,Na,Sm,Ti,Ti,O,O,1.186,0.605,1.4,0.304575
NaTmTiO4,rp,1,1,Na,Tm,Ti,Ti,O,O,1.146,0.605,1.4,0.304575
NaYTiO4,rp,1,1,Na,Y,Ti,Ti,O,O,1.1575,0.605,1.4,0.304575
SrNdNiO4,rp,1,1,Sr,Nd,Ni,Ni,O,O,1.2365,0.6,1.4,0.304575
EuTbCuO4,rp,1,1,Eu,Tb,Cu,Cu,O,O,1.1075,0.73,1.4,0.304575
Eu2TiO4,rp,1,1,Eu,Eu,Ti,Ti,O,O,1.3,0.605,1.4,0.304575
SrEuAlO4,rp,1,1,Sr,Eu,Al,Al,O,O,1.215,0.535,1.4,0.304575
EuSmAlO4,rp,1,1,Eu,Sm,Al,Al,O,O,1.2160000000000002,0.535,1.4,0.304575
EuPrAlO4,rp,1,1,Eu,Pr,Al,Al,O,O,1.2395,0.535,1.4,0.304575
Rb2MnCl4,rp,1,1,Rb,Rb,Mn,Mn,Cl,Cl,1.63,0.83,1.81,0.263803
K2MgCl4,rp,1,1,K,K,Mg,Mg,Cl,Cl,1.55,0.72,1.81,0.263803
Ba2PbO4,rp,1,1,Ba,Ba,Pb,Pb,O,O,1.47,0.775,1.4,0.304575
Sr2HfO4,rp,1,1,Sr,Sr,Hf,Hf,O,O,1.31,0.71,1.4,0.304575
SrGdCrO4,rp,1,1,Sr,Gd,Cr,Cr,O,O,1.2085,0.615,1.4,0.304575
SrNdCrO4,rp,1,1,Sr,Nd,Cr,Cr,O,O,1.2365,0.615,1.4,0.304575
SrGdNiO4,rp,1,1,Sr,Gd,Ni,Ni,O,O,1.2085,0.6,1.4,0.304575
SrLaScO4,rp,1,1,Sr,La,Sc,Sc,O,O,1.263,0.745,1.4,0.304575
K2FeF4,rp,1,1,K,K,Fe,Fe,F,F,1.55,0.78,1.33,0.344443
Rb2CuF4,rp,1,1,Rb,Rb,Cu,Cu,F,F,1.63,0.73,1.33,0.344443
Rb2MgF4,rp,1,1,Rb,Rb,Mg,Mg,F,F,1.63,0.72,1.33,0.344443
Tl2CoF4,rp,1,1,Tl,Tl,Co,Co,F,F,1.59,0.745,1.33,0.344443
K2NiF4,rp,1,1,K,K,Ni,Ni,F,F,1.55,0.69,1.33,0.344443
K2MnF4,rp,1,1,K,K,Mn,Mn,F,F,1.55,0.83,1.33,0.344443
K2CoF4,rp,1,1,K,K,Co,Co,F,F,1.55,0.745,1.33,0.344443
Rb2CoF4,rp,1,1,Rb,Rb,Co,Co,F,F,1.63,0.745,1.33,0.344443
NaPrTiO4,rp,1,1,Na,Pr,Ti,Ti,O,O,1.2095,0.605,1.4,0.304575
Nd2CoO4,rp,1,1,Nd,Nd,Co,Co,O,O,1.163,0.745,1.4,0.304575
Rb2MnCl2I2,rp,1,1,Rb,Rb,Mn,Mn,Cl,I,1.63,0.83,2.005,0.2416603
Pr2CoO4,rp,1,1,Pr,Pr,Co,Co,O,O,1.179,0.745,1.4,0.304575
Ba2RuO4,rp,1,1,Ba,Ba,Ru,Ru,O,O,1.47,0.62,1.4,0.304575
Cs2CrO4,k2so4,0,1,Cs,Cs,Cr,Cr,O,O,1.78,0.44,1.4,0.304575
Co2RuO4,spinel,0,1,Co,Co,Ru,Ru,O,O,0.9,0.62,1.4,0.304575
Co2SiO4,spinel,0,1,Co,Co,Si,Si,O,O,0.9,0.4,1.4,0.304575
Co2SnO4,spinel,0,1,Co,Co,Sn,Sn,O,O,0.9,0.69,1.4,0.304575
Na2BeCl4,olivine,0,1,Na,Na,Be,Be,Cl,Cl,1.24,0.45,1.81,0.263803
Li2BeCl4,olivine,0,1,Li,Li,Be,Be,Cl,Cl,0.92,0.45,1.81,0.263803
Ba2CrO4,k2so4,0,1,Ba,Ba,Cr,Cr,O,O,1.47,0.55,1.4,0.304575
Cs2BeCl4,k2so4,0,1,Cs,Cs,Be,Be,Cl,Cl,1.78,0.45,1.81,0.263803
Ba2TiS4,k2so4,0,1,Ba,Ba,Ti,Ti,S,S,1.47,0.605,1.84,0.23596
Ba2SiS4,k2so4,0,1,Ba,Ba,Si,Si,S,S,1.47,0.4,1.84,0.23596
Ba2SiO4,k2so4,0,1,Ba,Ba,Si,Si,O,O,1.47,0.4,1.4,0.304575
Ba2GeS4,k2so4,0,1,Ba,Ba,Ge,Ge,S,S,1.47,0.53,1.84,0.23596
Ba2GeO4,olivine,0,1,Ba,Ba,Ge,Ge,O,O,1.47,0.53,1.4,0.304575
K2BeCl4,k2so4,0,1,K,K,Be,Be,Cl,Cl,1.55,0.45,1.81,0.263803
Ca2GeS4,olivine,0,1,Ca,Ca,Ge,Ge,S,S,1.18,0.53,1.84,0.23596
Cs2ZnI4,k2so4,0,1,Cs,Cs,Zn,Zn,I,I,1.78,0.74,2.2,0.2195175999999999
Ba2TiO4,k2so4,0,1,Ba,Ba,Ti,Ti,O,O,1.47,0.605,1.4,0.304575
Rb2ZnBr4,k2so4,0,1,Rb,Rb,Zn,Zn,Br,Br,1.63,0.74,1.96,0.2412578
Rb2CoCl4,k2so4,0,1,Rb,Rb,Co,Co,Cl,Cl,1.63,0.745,1.81,0.263803
K2BaCl4,th3p4,0,1,K,K,Ba,Ba,Cl,Cl,1.55,1.35,1.81,0.263803
Rb2BaBr4,th3p4,0,1,Rb,Rb,Ba,Ba,Br,Br,1.63,1.35,1.96,0.2412578
Ho2CdS4,spinel,0,1,Ho,Ho,Cd,Cd,S,S,1.072,0.95,1.84,0.23596
La2CdS4,th3p4,0,1,La,La,Cd,Cd,S,S,1.216,0.95,1.84,0.23596
Co2RhS4,spinel,0,1,Co,Co,Rh,Rh,S,S,0.9,0.6,1.84,0.23596
Co2VO4,spinel,0,1,Co,Co,V,V,O,O,0.9,0.58,1.4,0.304575
Co2TiO4,spinel,0,1,Co,Co,Ti,Ti,O,O,0.9,0.605,1.4,0.304575
Co2TcO4,spinel,0,1,Co,Co,Tc,Tc,O,O,0.9,0.645,1.4,0.304575
Cs2HgCl4,k2so4,0,1,Cs,Cs,Hg,Hg,Cl,Cl,1.78,1.02,1.81,0.263803
Cs2CuBr4,k2so4,0,1,Cs,Cs,Cu,Cu,Br,Br,1.78,0.73,1.96,0.2412578
Rb2BaCl4,th3p4,0,1,Rb,Rb,Ba,Ba,Cl,Cl,1.63,1.35,1.81,0.263803
Sm2CdS4,th3p4,0,1,Sm,Sm,Cd,Cd,S,S,1.132,0.95,1.84,0.23596
Cs2WSe4,k2so4,0,1,Cs,Cs,W,W,Se,Se,1.78,0.6,1.98,0.2240328
Sr2SiO4,k2so4,0,1,Sr,Sr,Si,Si,O,O,1.31,0.4,1.4,0.304575
Zn2GeO4,spinel,0,1,Zn,Zn,Ge,Ge,O,O,0.9,0.53,1.4,0.304575
Lu2FeS4,spinel,0,1,Lu,Lu,Fe,Fe,S,S,1.032,0.78,1.84,0.23596
In2FeS4,spinel,0,1,In,In,Fe,Fe,S,S,0.92,0.78,1.84,0.23596
Fe2GeSe4,olivine,0,1,Fe,Fe,Ge,Ge,Se,Se,0.92,0.53,1.98,0.2240328
Fe2TiO4,spinel,0,1,Fe,Fe,Ti,Ti,O,O,0.92,0.605,1.4,0.304575
Mn2GeS4,olivine,0,1,Mn,Mn,Ge,Ge,S,S,0.96,0.53,1.84,0.23596
Mn2GeSe4,olivine,0,1,Mn,Mn,Ge,Ge,Se,Se,0.96,0.53,1.98,0.2240328
Ni2GeO4,spinel,0,1,Ni,Ni,Ge,Ge,O,O,0.69,0.53,1.4,0.304575
La2SrS4,th3p4,0,1,La,La,Sr,Sr,S,S,1.216,1.18,1.84,0.23596
La2PbSe4,th3p4,0,1,La,La,Pb,Pb,Se,Se,1.216,1.19,1.98,0.2240328
La2PbS4,th3p4,0,1,La,La,Pb,Pb,S,S,1.216,1.19,1.84,0.23596
Sr2NiO2Cl2,high-tc,0,1,Sr,Sr,Ni,Ni,O,Cl,1.31,0.69,1.605,0.284189
K2WSe4,k2so4,0,1,K,K,W,W,Se,Se,1.55,0.6,1.98,0.2240328
K2MoS4,k2so4,0,1,K,K,Mo,Mo,S,S,1.55,0.59,1.84,0.23596
In2ZnS4,spinel,0,1,In,In,Zn,Zn,S,S,0.92,0.74,1.84,0.23596
In2MnSe4,spinel,0,1,In,In,Mn,Mn,Se,Se,0.92,0.83,1.98,0.2240328
In2MnS4,spinel,0,1,In,In,Mn,Mn,S,S,0.92,0.83,1.84,0.23596
In2MnO4,spinel,0,1,In,In,Mn,Mn,O,O,0.92,0.83,1.4,0.304575
In2MgO4,spinel,0,1,In,In,Mg,Mg,O,O,0.92,0.72,1.4,0.304575
Li2MoO4,spinel,0,1,Li,Li,Mo,Mo,O,O,0.92,0.59,1.4,0.304575
Sm2ZnO4,spinel,0,1,Sm,Sm,Zn,Zn,O,O,1.132,0.74,1.4,0.304575
Cs2MnBr4,k2so4,0,1,Cs,Cs,Mn,Mn,Br,Br,1.78,0.83,1.96,0.2412578
Na2MoO4,spinel,0,1,Na,Na,Mo,Mo,O,O,1.24,0.59,1.4,0.304575
Cs2ZnBr4,k2so4,0,1,Cs,Cs,Zn,Zn,Br,Br,1.78,0.74,1.96,0.2412578
Zn2SnO4,spinel,0,1,Zn,Zn,Sn,Sn,O,O,0.9,0.69,1.4,0.304575
LuNaSiO4,olivine,0,1,Lu,Na,Si,Si,O,O,1.136,0.4,1.4,0.304575
LiTmSiO4,olivine,0,1,Li,Tm,Si,Si,O,O,0.986,0.4,1.4,0.304575
LiScSiO4,olivine,0,1,Li,Sc,Si,Si,O,O,0.895,0.4,1.4,0.304575
LiInSiO4,olivine,0,1,Li,In,Si,Si,O,O,0.92,0.4,1.4,0.304575
NaYbGeO4,olivine,0,1,Na,Yb,Ge,Ge,O,O,1.141,0.53,1.4,0.304575
MgMnSiO4,olivine,0,1,Mg,Mn,Si,Si,O,O,0.925,0.4,1.4,0.304575
NaYGeO4,olivine,0,1,Na,Y,Ge,Ge,O,O,1.1575,0.53,1.4,0.304575
NaTbGeO4,olivine,0,1,Na,Tb,Ge,Ge,O,O,1.1675,0.53,1.4,0.304575
NaSmGeO4,olivine,0,1,Na,Sm,Ge,Ge,O,O,1.186,0.53,1.4,0.304575
MnZnGeO4,olivine,0,1,Mn,Zn,Ge,Ge,O,O,0.93,0.53,1.4,0.304575
MnNiGeS4,olivine,0,1,Mn,Ni,Ge,Ge,S,S,0.825,0.53,1.84,0.23596
MgMnGeO4,olivine,0,1,Mg,Mn,Ge,Ge,O,O,0.925,0.53,1.4,0.304575
LuNaGeO4,olivine,0,1,Lu,Na,Ge,Ge,O,O,1.136,0.53,1.4,0.304575
LiYGeO4,olivine,0,1,Li,Y,Ge,Ge,O,O,0.9975,0.53,1.4,0.304575
NaTmGeO4,olivine,0,1,Na,Tm,Ge,Ge,O,O,1.146,0.53,1.4,0.304575
NaSrVO4,k2so4,0,1,Na,Sr,V,V,O,O,1.275,0.54,1.4,0.304575
Ag2MoO4,spinel,0,1,Ag,Ag,Mo,Mo,O,O,1.28,0.59,1.4,0.304575
Cs2WS4,k2so4,0,1,Cs,Cs,W,W,S,S,1.78,0.6,1.84,0.23596
Ce2CdSe4,th3p4,0,1,Ce,Ce,Cd,Cd,Se,Se,1.196,0.95,1.98,0.2240328
Fe2CuO4,spinel,0,1,Fe,Fe,Cu,Cu,O,O,0.78,0.73,1.4,0.304575
EuPrCuO4,high-tc,0,1,Eu,Pr,Cu,Cu,O,O,1.1495000000000002,0.73,1.4,0.304575
SmPrCuO4,high-tc,0,1,Sm,Pr,Cu,Cu,O,O,1.1555,0.73,1.4,0.304575
SmGdCuO4,high-tc,0,1,Sm,Gd,Cu,Cu,O,O,1.1195,0.73,1.4,0.304575
PrGdCuO4,high-tc,0,1,Pr,Gd,Cu,Cu,O,O,1.143,0.73,1.4,0.304575
Pr2CaS4,th3p4,0,1,Pr,Pr,Ca,Ca,S,S,1.179,1.0,1.84,0.23596
Eu2CuO4,high-tc,0,1,Eu,Eu,Cu,Cu,O,O,1.12,0.73,1.4,0.304575
Ca2SiS4,olivine,0,1,Ca,Ca,Si,Si,S,S,1.18,0.4,1.84,0.23596
Yb2CaS4,th3p4,0,1,Yb,Yb,Ca,Ca,S,S,1.042,1.0,1.84,0.23596
Tl2CoBr4,k2so4,0,1,Tl,Tl,Co,Co,Br,Br,1.59,0.745,1.96,0.2412578
K2CoBr4,k2so4,0,1,K,K,Co,Co,Br,Br,1.55,0.745,1.96,0.2412578
Cs2CoBr4,k2so4,0,1,Cs,Cs,Co,Co,Br,Br,1.78,0.745,1.96,0.2412578
Cs2CdBr4,k2so4,0,1,Cs,Cs,Cd,Cd,Br,Br,1.78,0.95,1.96,0.2412578
Bi2YbTe4,th3p4,0,1,Bi,Bi,Yb,Yb,Te,Te,1.17,1.02,2.21,0.2056992
Bi2EuTe4,th3p4,0,1,Bi,Bi,Eu,Eu,Te,Te,1.17,1.17,2.21,0.2056992
Rh2BeO4,spinel,0,1,Rh,Rh,Be,Be,O,O,0.665,0.45,1.4,0.304575
Tl2BeF4,k2so4,0,1,Tl,Tl,Be,Be,F,F,1.59,0.45,1.33,0.344443
NdGaCuO4,high-tc,0,1,Nd,Ga,Cu,Cu,O,O,0.8915,0.73,1.4,0.304575
EuNdCuO4,high-tc,0,1,Eu,Nd,Cu,Cu,O,O,1.1415000000000002,0.73,1.4,0.304575
Ho2CaS4,th3p4,0,1,Ho,Ho,Ca,Ca,S,S,1.072,1.0,1.84,0.23596
EuGdCuO4,high-tc,0,1,Eu,Gd,Cu,Cu,O,O,1.1135000000000002,0.73,1.4,0.304575
Nd2CaS4,th3p4,0,1,Nd,Nd,Ca,Ca,S,S,1.163,1.0,1.84,0.23596
Rb2BeF4,k2so4,0,1,Rb,Rb,Be,Be,F,F,1.63,0.45,1.33,0.344443
K2BeF4,k2so4,0,1,K,K,Be,Be,F,F,1.55,0.45,1.33,0.344443
Cs2BeF4,k2so4,0,1,Cs,Cs,Be,Be,F,F,1.78,0.45,1.33,0.344443
Cr2BeO4,olivine,0,1,Cr,Cr,Be,Be,O,O,0.615,0.45,1.4,0.304575
Ho2CuO4,high-tc,0,1,Ho,Ho,Cu,Cu,O,O,1.072,0.73,1.4,0.304575
In2CuO4,high-tc,0,1,In,In,Cu,Cu,O,O,0.92,0.73,1.4,0.304575
Sm2CuO4,high-tc,0,1,Sm,Sm,Cu,Cu,O,O,1.132,0.73,1.4,0.304575
Tm2CuO4,high-tc,0,1,Tm,Tm,Cu,Cu,O,O,1.052,0.73,1.4,0.304575
Y2CuO4,high-tc,0,1,Y,Y,Cu,Cu,O,O,1.075,0.73,1.4,0.304575
Gd2PdO4,high-tc,0,1,Gd,Gd,Pd,Pd,O,O,1.107,0.86,1.4,0.304575
Gd2CuO4,high-tc,0,1,Gd,Gd,Cu,Cu,O,O,1.107,0.73,1.4,0.304575
La2PdO4,high-tc,0,1,La,La,Pd,Pd,O,O,1.216,0.86,1.4,0.304575
Nd2PdO4,high-tc,0,1,Nd,Nd,Pd,Pd,O,O,1.163,0.86,1.4,0.304575
Sm2PdO4,high-tc,0,1,Sm,Sm,Pd,Pd,O,O,1.132,0.86,1.4,0.304575
Rb2CoBr4,k2so4,0,1,Rb,Rb,Co,Co,Br,Br,1.63,0.745,1.96,0.2412578
La2CaS4,th3p4,0,1,La,La,Ca,Ca,S,S,1.216,1.0,1.84,0.23596
Cu2GeO4,spinel,0,1,Cu,Cu,Ge,Ge,O,O,0.73,0.53,1.4,0.304575
Rb2CoI4,spinel,0,1,Rb,Rb,Co,Co,I,I,1.63,0.745,2.2,0.2195175999999999
Fe2CoO4,spinel,0,1,Fe,Fe,Co,Co,O,O,0.78,0.745,1.4,0.304575
Cs2CoI4,k2so4,0,1,Cs,Cs,Co,Co,I,I,1.78,0.745,2.2,0.2195175999999999
Rb2ZnCl4,k2so4,0,1,Rb,Rb,Zn,Zn,Cl,Cl,1.63,0.74,1.81,0.263803
Na2ZnCl4,olivine,0,1,Na,Na,Zn,Zn,Cl,Cl,1.24,0.74,1.81,0.263803
Mn2CoO4,spinel,0,1,Mn,Mn,Co,Co,O,O,0.96,0.53,1.4,0.304575
Gd2CrS4,th3p4,0,1,Gd,Gd,Cr,Cr,S,S,1.107,0.8,1.84,0.23596
In2CrS4,spinel,0,1,In,In,Cr,Cr,S,S,0.92,0.8,1.84,0.23596
K2CrO4,k2so4,0,1,K,K,Cr,Cr,O,O,1.55,0.44,1.4,0.304575
Pr2EuS4,th3p4,0,1,Pr,Pr,Eu,Eu,S,S,1.179,1.17,1.84,0.23596
Eu2ZnO4,spinel,0,1,Eu,Eu,Zn,Zn,O,O,1.12,0.74,1.4,0.304575
Eu2SiO4,k2so4,0,1,Eu,Eu,Si,Si,O,O,1.3,0.4,1.4,0.304575
La2EuSe4,th3p4,0,1,La,La,Eu,Eu,Se,Se,1.216,1.17,1.98,0.2240328
Er2ZnS4,olivine,0,1,Er,Er,Zn,Zn,S,S,1.062,0.74,1.84,0.23596
Er2MgSe4,spinel,0,1,Er,Er,Mg,Mg,Se,Se,1.062,0.72,1.98,0.2240328
Dy2YbS4,th3p4,0,1,Dy,Dy,Yb,Yb,S,S,1.083,1.02,1.84,0.23596
Co2GeO4,spinel,0,1,Co,Co,Ge,Ge,O,O,0.9,0.53,1.4,0.304575
In2CoS4,spinel,0,1,In,In,Co,Co,S,S,0.92,0.745,1.84,0.23596
Lu2CaO4,cav2o4,0,1,Lu,Lu,Ca,Ca,O,O,1.032,1.0,1.4,0.304575
Ni2CoS4,spinel,0,1,Ni,Ni,Co,Co,S,S,0.69,0.53,1.84,0.23596
Gd2CdTe4,th3p4,0,1,Gd,Gd,Cd,Cd,Te,Te,1.107,0.95,2.21,0.2056992
Gd2CdSe4,th3p4,0,1,Gd,Gd,Cd,Cd,Se,Se,1.107,0.95,1.98,0.2240328
Gd2CdS4,th3p4,0,1,Gd,Gd,Cd,Cd,S,S,1.107,0.95,1.84,0.23596
Er2CdSe4,spinel,0,1,Er,Er,Cd,Cd,Se,Se,1.062,0.95,1.98,0.2240328
Er2CdS4,spinel,0,1,Er,Er,Cd,Cd,S,S,1.062,0.95,1.84,0.23596
Dy2CdTe4,spinel,0,1,Dy,Dy,Cd,Cd,Te,Te,1.083,0.95,2.21,0.2056992
Dy2CdSe4,spinel,0,1,Dy,Dy,Cd,Cd,Se,Se,1.083,0.95,1.98,0.2240328
Dy2CdS4,spinel,0,1,Dy,Dy,Cd,Cd,S,S,1.083,0.95,1.84,0.23596
Cs2CdI4,k2so4,0,1,Cs,Cs,Cd,Cd,I,I,1.78,0.95,2.2,0.2195175999999999
Li2ZnI4,olivine,0,1,Li,Li,Zn,Zn,I,I,0.92,0.74,2.2,0.2195175999999999
Ce2CdS4,th3p4,0,1,Ce,Ce,Cd,Cd,S,S,1.196,0.95,1.84,0.23596
Ca2SnS4,olivine,0,1,Ca,Ca,Sn,Sn,S,S,1.18,0.69,1.84,0.23596
Cd2GeO4,olivine,0,1,Cd,Cd,Ge,Ge,O,O,1.1,0.53,1.4,0.304575
Cs2BaBr4,th3p4,0,1,Cs,Cs,Ba,Ba,Br,Br,1.78,1.35,1.96,0.2412578
Cs2BaCl4,th3p4,0,1,Cs,Cs,Ba,Ba,Cl,Cl,1.78,1.35,1.81,0.263803
Rb2MnI4,k2so4,0,1,Rb,Rb,Mn,Mn,I,I,1.63,0.83,2.2,0.2195175999999999
FeMnSiO4,olivine,0,1,Fe,Mn,Si,Si,O,O,0.94,0.4,1.4,0.304575
Ho2YbS4,th3p4,0,1,Ho,Ho,Yb,Yb,S,S,1.072,1.02,1.84,0.23596
Rb2MoSe4,k2so4,0,1,Rb,Rb,Mo,Mo,Se,Se,1.63,0.59,1.98,0.2240328
Mn2SiS4,olivine,0,1,Mn,Mn,Si,Si,S,S,0.96,0.4,1.84,0.23596
Tm2MnS4,th3p4,0,1,Tm,Tm,Mn,Mn,S,S,1.052,0.83,1.84,0.23596
Yb2MnS4,spinel,0,1,Yb,Yb,Mn,Mn,S,S,1.042,0.83,1.84,0.23596
Sc2MnSe4,spinel,0,1,Sc,Sc,Mn,Mn,Se,Se,0.87,0.83,1.98,0.2240328
Mn2SiSe4,spinel,0,1,Mn,Mn,Si,Si,Se,Se,0.96,0.4,1.98,0.2240328
Yb2MnSe4,spinel,0,1,Yb,Yb,Mn,Mn,Se,Se,1.042,0.83,1.98,0.2240328
Rb2MoS4,k2so4,0,1,Rb,Rb,Mo,Mo,S,S,1.63,0.59,1.84,0.23596
Na2WO4,spinel,0,1,Na,Na,W,W,O,O,1.24,0.6,1.4,0.304575
Ho2MgSe4,spinel,0,1,Ho,Ho,Mg,Mg,Se,Se,1.072,0.72,1.98,0.2240328
V2FeO4,spinel,0,1,V,V,Fe,Fe,O,O,0.79,0.645,1.4,0.304575
Fe2SiO4,spinel,0,1,Fe,Fe,Si,Si,O,O,0.92,0.4,1.4,0.304575
Tb2CdS4,th3p4,0,1,Tb,Tb,Cd,Cd,S,S,1.095,0.95,1.84,0.23596
Yb2CdSe4,spinel,0,1,Yb,Yb,Cd,Cd,Se,Se,1.042,0.95,1.98,0.2240328
La2CdSe4,th3p4,0,1,La,La,Cd,Cd,Se,Se,1.216,0.95,1.98,0.2240328
La2CdTe4,th3p4,0,1,La,La,Cd,Cd,Te,Te,1.216,0.95,2.21,0.2056992
Lu2CdS4,spinel,0,1,Lu,Lu,Cd,Cd,S,S,1.032,0.95,1.84,0.23596
Sc2MnS4,spinel,0,1,Sc,Sc,Mn,Mn,S,S,0.87,0.83,1.84,0.23596
Mn2VO4,spinel,0,1,Mn,Mn,V,V,O,O,0.96,0.58,1.4,0.304575
Lu2MgSe4,spinel,0,1,Lu,Lu,Mg,Mg,Se,Se,1.032,0.72,1.98,0.2240328
Zn2PtO4,spinel,0,1,Zn,Zn,Pt,Pt,O,O,0.9,0.625,1.4,0.304575
Mn2NiO4,spinel,0,1,Mn,Mn,Ni,Ni,O,O,0.96,0.48,1.4,0.304575
Ni2SnO4,spinel,0,1,Ni,Ni,Sn,Sn,O,O,0.69,0.69,1.4,0.304575
Ni2SiO4,spinel,0,1,Ni,Ni,Si,Si,O,O,0.69,0.4,1.4,0.304575
Nd2ZnS4,th3p4,0,1,Nd,Nd,Zn,Zn,S,S,1.163,0.74,1.84,0.23596
Nd2YbS4,th3p4,0,1,Nd,Nd,Yb,Yb,S,S,1.163,1.02,1.84,0.23596
Mg2GeS4,olivine,0,1,Mg,Mg,Ge,Ge,S,S,0.89,0.53,1.84,0.23596
Sc2FeS4,spinel,0,1,Sc,Sc,Fe,Fe,S,S,0.87,0.78,1.84,0.23596
Fe2SiS4,olivine,0,1,Fe,Fe,Si,Si,S,S,0.92,0.4,1.84,0.23596
Fe2SnS4,spinel,0,1,Fe,Fe,Sn,Sn,S,S,0.92,0.69,1.84,0.23596
Yb2FeS4,spinel,0,1,Yb,Yb,Fe,Fe,S,S,1.14,0.645,1.84,0.23596
Gd2MnS4,th3p4,0,1,Gd,Gd,Mn,Mn,S,S,1.107,0.83,1.84,0.23596
Gd2ZnS4,th3p4,0,1,Gd,Gd,Zn,Zn,S,S,1.107,0.74,1.84,0.23596
Mg2GeO4,spinel,0,1,Mg,Mg,Ge,Ge,O,O,0.89,0.53,1.4,0.304575
La2SrSe4,th3p4,0,1,La,La,Sr,Sr,Se,Se,1.216,1.18,1.98,0.2240328
Lu2MgS4,spinel,0,1,Lu,Lu,Mg,Mg,S,S,1.032,0.72,1.84,0.23596
K2PbCl4,th3p4,0,1,K,K,Pb,Pb,Cl,Cl,1.55,1.19,1.81,0.263803
K2EuCl4,th3p4,0,1,K,K,Eu,Eu,Cl,Cl,1.55,1.17,1.81,0.263803
K2CuCl4,k2so4,0,1,K,K,Cu,Cu,Cl,Cl,1.55,0.73,1.81,0.263803
Cd2SnO4,spinel,0,1,Cd,Cd,Sn,Sn,O,O,1.1,0.69,1.4,0.304575
K2SrCl4,th3p4,0,1,K,K,Sr,Sr,Cl,Cl,1.55,1.18,1.81,0.263803
Ce2PbS4,th3p4,0,1,Ce,Ce,Pb,Pb,S,S,1.196,1.19,1.84,0.23596
Ce2EuSe4,th3p4,0,1,Ce,Ce,Eu,Eu,Se,Se,1.196,1.17,1.98,0.2240328
Ho2CdSe4,spinel,0,1,Ho,Ho,Cd,Cd,Se,Se,1.072,0.95,1.98,0.2240328
Rb2CrO4,k2so4,0,1,Rb,Rb,Cr,Cr,O,O,1.63,0.44,1.4,0.304575
Li2ZnCl4,olivine,0,1,Li,Li,Zn,Zn,Cl,Cl,0.92,0.74,1.81,0.263803
Li2VCl4,spinel,0,1,Li,Li,V,V,Cl,Cl,0.92,0.79,1.81,0.263803
Li2MgCl4,spinel,0,1,Li,Li,Mg,Mg,Cl,Cl,0.92,0.72,1.81,0.263803
K2ZnCl4,k2so4,0,1,K,K,Zn,Zn,Cl,Cl,1.55,0.74,1.81,0.263803
Y2CdSe4,spinel,0,1,Y,Y,Cd,Cd,Se,Se,1.075,0.95,1.98,0.2240328
Tm2CdSe4,spinel,0,1,Tm,Tm,Cd,Cd,Se,Se,1.052,0.95,1.98,0.2240328
Tb2CdSe4,th3p4,0,1,Tb,Tb,Cd,Cd,Se,Se,1.095,0.95,1.98,0.2240328
Sm2CdSe4,th3p4,0,1,Sm,Sm,Cd,Cd,Se,Se,1.132,0.95,1.98,0.2240328
Yb2CdS4,spinel,0,1,Yb,Yb,Cd,Cd,S,S,1.042,0.95,1.84,0.23596
Pr2CdSe4,th3p4,0,1,Pr,Pr,Cd,Cd,Se,Se,1.179,0.95,1.98,0.2240328
Pr2CdS4,th3p4,0,1,Pr,Pr,Cd,Cd,S,S,1.179,0.95,1.84,0.23596
Nd2CdSe4,th3p4,0,1,Nd,Nd,Cd,Cd,Se,Se,1.163,0.95,1.98,0.2240328
Cs2ZnCl4,k2so4,0,1,Cs,Cs,Zn,Zn,Cl,Cl,1.78,0.74,1.81,0.263803
Nd2CdS4,th3p4,0,1,Nd,Nd,Cd,Cd,S,S,1.163,0.95,1.84,0.23596
Cs2MgCl4,k2so4,0,1,Cs,Cs,Mg,Mg,Cl,Cl,1.78,0.72,1.81,0.263803
Cs2CuCl4,k2so4,0,1,Cs,Cs,Cu,Cu,Cl,Cl,1.78,0.73,1.81,0.263803
Tl2CoCl4,k2so4,0,1,Tl,Tl,Co,Co,Cl,Cl,1.59,0.745,1.81,0.263803
Na2CoCl4,olivine,0,1,Na,Na,Co,Co,Cl,Cl,1.24,0.745,1.81,0.263803
Li2CoCl4,spinel,0,1,Li,Li,Co,Co,Cl,Cl,0.92,0.745,1.81,0.263803
K2CoCl4,k2so4,0,1,K,K,Co,Co,Cl,Cl,1.55,0.745,1.81,0.263803
Cs2CoCl4,k2so4,0,1,Cs,Cs,Co,Co,Cl,Cl,1.78,0.745,1.81,0.263803
Ce2SrSe4,th3p4,0,1,Ce,Ce,Sr,Sr,Se,Se,1.196,1.18,1.98,0.2240328
Ce2YbS4,th3p4,0,1,Ce,Ce,Yb,Yb,S,S,1.196,1.02,1.84,0.23596
Ce2SrS4,th3p4,0,1,Ce,Ce,Sr,Sr,S,S,1.196,1.18,1.84,0.23596
Sm2CeS4,th3p4,0,1,Sm,Sm,Ce,Ce,S,S,1.32,1.01,1.84,0.23596
Ce2PbSe4,th3p4,0,1,Ce,Ce,Pb,Pb,Se,Se,1.196,1.19,1.98,0.2240328
Nd2CeS4,th3p4,0,1,Nd,Nd,Ce,Ce,S,S,1.35,1.01,1.84,0.23596
CaYbInSe4,olivine,0,1,Ca,Yb,In,In,Se,Se,1.111,0.8,1.98,0.2240328
Lu2CdSe4,spinel,0,1,Lu,Lu,Cd,Cd,Se,Se,1.032,0.95,1.98,0.2240328
Yb2MgSe4,spinel,0,1,Yb,Yb,Mg,Mg,Se,Se,1.042,0.72,1.98,0.2240328
Y2MgSe4,spinel,0,1,Y,Y,Mg,Mg,Se,Se,1.075,0.72,1.98,0.2240328
Tm2MgSe4,spinel,0,1,Tm,Tm,Mg,Mg,Se,Se,1.052,0.72,1.98,0.2240328
MnNaAsO4,olivine,0,1,Mn,Na,As,As,O,O,1.1,0.46,1.4,0.304575
Li2NiF4,spinel,0,1,Li,Li,Ni,Ni,F,F,0.92,0.69,1.33,0.344443
Pr2EuSe4,th3p4,0,1,Pr,Pr,Eu,Eu,Se,Se,1.179,1.17,1.98,0.2240328
Mn2GeO4,olivine,0,1,Mn,Mn,Ge,Ge,O,O,0.96,0.53,1.4,0.304575
Dy2CaS4,th3p4,0,1,Dy,Dy,Ca,Ca,S,S,1.083,1.0,1.84,0.23596
Na2ZnBr4,olivine,0,1,Na,Na,Zn,Zn,Br,Br,1.24,0.74,1.96,0.2412578
Li2ZnBr4,olivine,0,1,Li,Li,Zn,Zn,Br,Br,0.92,0.74,1.96,0.2412578
Tm2CdS4,spinel,0,1,Tm,Tm,Cd,Cd,S,S,1.052,0.95,1.84,0.23596
MnScGaS4,olivine,0,1,Mn,Sc,Ga,Ga,S,S,0.915,0.62,1.84,0.23596
NaSrAsO4,k2so4,0,1,Na,Sr,As,As,O,O,1.275,0.46,1.4,0.304575
LiMnAsO4,olivine,0,1,Li,Mn,As,As,O,O,0.94,0.46,1.4,0.304575
Li2MnBr2Cl2,spinel,0,1,Li,Li,Mn,Mn,Br,Cl,0.92,0.83,1.885,0.2525304
LiScGeO4,olivine,0,1,Li,Sc,Ge,Ge,O,O,0.895,0.53,1.4,0.304575
LiInGeO4,olivine,0,1,Li,In,Ge,Ge,O,O,0.92,0.53,1.4,0.304575
HoNaGeO4,olivine,0,1,Ho,Na,Ge,Ge,O,O,1.156,0.53,1.4,0.304575
GdNaGeO4,olivine,0,1,Gd,Na,Ge,Ge,O,O,1.1735,0.53,1.4,0.304575
Fe2GeO4,spinel,0,1,Fe,Fe,Ge,Ge,O,O,0.92,0.53,1.4,0.304575
RbBaVO4,k2so4,0,1,Rb,Ba,V,V,O,O,1.5499999999999998,0.54,1.4,0.304575
CdNaAsO4,olivine,0,1,Cd,Na,As,As,O,O,1.17,0.46,1.4,0.304575
LiNaBeF4,olivine,0,1,Li,Na,Be,Be,F,F,1.08,0.45,1.33,0.344443
K2WS4,k2so4,0,1,K,K,W,W,S,S,1.55,0.6,1.84,0.23596
Cs2MoSe4,k2so4,0,1,Cs,Cs,Mo,Mo,Se,Se,1.78,0.59,1.98,0.2240328
Ba2VO4,k2so4,0,1,Ba,Ba,V,V,O,O,1.47,0.58,1.4,0.304575
Mg2SiO4,olivine,0,1,Mg,Mg,Si,Si,O,O,0.89,0.4,1.4,0.304575
FeMnGeO4,olivine,0,1,Fe,Mn,Ge,Ge,O,O,0.94,0.53,1.4,0.304575
EuNaGeO4,olivine,0,1,Eu,Na,Ge,Ge,O,O,1.1800000000000002,0.53,1.4,0.304575
ErNaGeO4,olivine,0,1,Er,Na,Ge,Ge,O,O,1.151,0.53,1.4,0.304575
CoMnGeS4,olivine,0,1,Co,Mn,Ge,Ge,S,S,0.93,0.53,1.84,0.23596
CoMnGeO4,olivine,0,1,Co,Mn,Ge,Ge,O,O,0.93,0.53,1.4,0.304575
CaMnSiO4,olivine,0,1,Ca,Mn,Si,Si,O,O,1.0699999999999998,0.4,1.4,0.304575
CaMgSiO4,olivine,0,1,Ca,Mg,Si,Si,O,O,1.035,0.4,1.4,0.304575
KCaVO4,k2so4,0,1,K,Ca,V,V,O,O,1.365,0.54,1.4,0.304575
CaYbInS4,olivine,0,1,Ca,Yb,In,In,S,S,1.111,0.8,1.84,0.23596
CaYGaO4,olivine,0,1,Ca,Y,Ga,Ga,O,O,1.1275,0.62,1.4,0.304575
CaLaGaO4,olivine,0,1,Ca,La,Ga,Ga,O,O,1.198,0.62,1.4,0.304575
KSrAsO4,k2so4,0,1,K,Sr,As,As,O,O,1.4300000000000002,0.46,1.4,0.304575
CaNaAsO4,olivine,0,1,Ca,Na,As,As,O,O,1.21,0.46,1.4,0.304575
Sc2MgSe4,spinel,0,1,Sc,Sc,Mg,Mg,Se,Se,0.87,0.72,1.98,0.2240328
Cs2MnI4,k2so4,0,1,Cs,Cs,Mn,Mn,I,I,1.78,0.83,2.2,0.2195175999999999
Ni2RhS4,spinel,0,1,Ni,Ni,Rh,Rh,S,S,0.69,0.6,1.84,0.23596
Zn2PdO4,spinel,0,1,Zn,Zn,Pd,Pd,O,O,0.9,0.615,1.4,0.304575
Mn2TiO4,spinel,0,1,Mn,Mn,Ti,Ti,O,O,0.96,0.605,1.4,0.304575
Mn2TcO4,spinel,0,1,Mn,Mn,Tc,Tc,O,O,0.96,0.645,1.4,0.304575
Mn2SiO4,olivine,0,1,Mn,Mn,Si,Si,O,O,0.96,0.4,1.4,0.304575
Sc2MgS4,spinel,0,1,Sc,Sc,Mg,Mg,S,S,0.87,0.72,1.84,0.23596
Lu2MnSe4,spinel,0,1,Lu,Lu,Mn,Mn,Se,Se,1.032,0.83,1.98,0.2240328
Lu2ZnS4,olivine,0,1,Lu,Lu,Zn,Zn,S,S,1.032,0.74,1.84,0.23596
Mg2PtO4,spinel,0,1,Mg,Mg,Pt,Pt,O,O,0.89,0.625,1.4,0.304575
Sc2MgO4,cav2o4,0,1,Sc,Sc,Mg,Mg,O,O,0.87,0.72,1.4,0.304575
Mg2SnO4,spinel,0,1,Mg,Mg,Sn,Sn,O,O,0.89,0.69,1.4,0.304575
Mg2TiO4,spinel,0,1,Mg,Mg,Ti,Ti,O,O,0.89,0.605,1.4,0.304575
Tm2MgS4,th3p4,0,1,Tm,Tm,Mg,Mg,S,S,1.052,0.72,1.84,0.23596
Mn2ScO4,spinel,0,1,Mn,Mn,Sc,Sc,O,O,0.96,0.745,1.4,0.304575
Yb2MgS4,spinel,0,1,Yb,Yb,Mg,Mg,S,S,1.042,0.72,1.84,0.23596
Mg2TcO4,spinel,0,1,Mg,Mg,Tc,Tc,O,O,0.89,0.645,1.4,0.304575
Cs2MoS4,k2so4,0,1,Cs,Cs,Mo,Mo,S,S,1.78,0.59,1.84,0.23596
KCaAsO4,k2so4,0,1,K,Ca,As,As,O,O,1.365,0.46,1.4,0.304575
Ni2FeS4,spinel,0,1,Ni,Ni,Fe,Fe,S,S,0.69,0.645,1.84,0.23596
NaBaAsO4,k2so4,0,1,Na,Ba,As,As,O,O,1.355,0.46,1.4,0.304575
NaBaVO4,k2so4,0,1,Na,Ba,V,V,O,O,1.355,0.54,1.4,0.304575
Yb2ZnS4,olivine,0,1,Yb,Yb,Zn,Zn,S,S,1.042,0.74,1.84,0.23596
Tm2ZnS4,olivine,0,1,Tm,Tm,Zn,Zn,S,S,1.052,0.74,1.84,0.23596
Tb2YbS4,th3p4,0,1,Tb,Tb,Yb,Yb,S,S,1.095,1.02,1.84,0.23596
Sm2ZnS4,th3p4,0,1,Sm,Sm,Zn,Zn,S,S,1.132,0.74,1.84,0.23596
Sc2ZnS4,spinel,0,1,Sc,Sc,Zn,Zn,S,S,0.87,0.74,1.84,0.23596
Rb2WSe4,k2so4,0,1,Rb,Rb,W,W,Se,Se,1.63,0.6,1.98,0.2240328
Rb2WS4,k2so4,0,1,Rb,Rb,W,W,S,S,1.63,0.6,1.84,0.23596
Pr2YbS4,th3p4,0,1,Pr,Pr,Yb,Yb,S,S,1.179,1.02,1.84,0.23596
Zn2ZrO4,spinel,0,1,Zn,Zn,Zr,Zr,O,O,0.9,0.72,1.4,0.304575
Zn2TiO4,spinel,0,1,Zn,Zn,Ti,Ti,O,O,0.9,0.605,1.4,0.304575
LiMgAsO4,olivine,0,1,Li,Mg,As,As,O,O,0.905,0.46,1.4,0.304575
Fe2GeS4,olivine,0,1,Fe,Fe,Ge,Ge,S,S,0.92,0.53,1.84,0.23596
Y2YbS4,th3p4,0,1,Y,Y,Yb,Yb,S,S,1.075,1.02,1.84,0.23596
Yb2CaO4,cav2o4,0,1,Yb,Yb,Ca,Ca,O,O,1.042,1.0,1.4,0.304575
